<?xml version="1.0" encoding="UTF-8" standalone="yes"?>
<SharedFlowBundle revision="2" name="sf_security_policies">
    <ConfigurationVersion majorVersion="4" minorVersion="0"/>
    <CreatedAt>1673418492306</CreatedAt>
    <CreatedBy>payal.gehlot@neosalpha.com</CreatedBy>
    <Description>undefined</Description>
    <DisplayName>sf_security_policies</DisplayName>
    <LastModifiedAt>1673439899649</LastModifiedAt>
    <LastModifiedBy>payal.gehlot@neosalpha.com</LastModifiedBy>
    <ManifestVersion>SHA-512:5a5b1a2d700cdd14cdd45fb58bac05de6534fbbe3d1c5cd996a937c68e3bdde8f5d7457c852135a4e3ab36003355a740bda5f58b63f0b9902dd1044b973b74dd:ap-northeast-1</ManifestVersion>
    <Policies>
        <Policy>AC-AllowingUserIP</Policy>
        <Policy>VAK-VerifyApiKey</Policy>
    </Policies>
    <Resources/>
    <Spec></Spec>
    <subType>SharedFlow</subType>
    <SharedFlows>
        <SharedFlow>default</SharedFlow>
    </SharedFlows>
</SharedFlowBundle>
